player_id,num_trials,num_events
1,97,21
2,119,29
3,41,9
4,111,29
5,6,0
6,117,47
7,118,20
8,108,11
9,104,12
10,109,40
11,29,4
12,3,0
13,51,3
14,3,2
15,100,23
16,91,7
17,108,15
18,86,11
19,85,23
20,5,2
21,6,3
22,54,34
23,96,21
24,47,17
25,3,1
26,3,1
27,7,3
28,91,36
29,2,0
30,108,45
31,6,1
32,4,1
33,42,10
34,3,1
35,4,0
36,49,11
37,56,20
38,90,19
39,88,12
40,122,31
41,49,8
42,90,44
43,2,1
44,45,10
45,38,4
46,2,0
47,92,23
48,104,69
49,105,14
50,110,33
51,85,7
52,39,3
53,30,20
54,8,2
55,108,35
56,32,12
57,47,7
58,41,4
59,37,5
60,5,3
61,6,1
62,46,14
63,39,5
64,92,16
65,86,31
66,7,1
67,95,30
68,4,2
69,99,22
70,102,14
71,2,2
72,46,9
73,4,1
74,5,2
75,34,10
76,96,16
77,46,24
78,48,18
79,45,19
80,111,34
81,3,0
82,100,14
83,41,7
84,45,8
85,42,5
86,47,10
87,50,21
88,105,16
89,55,17
90,2,0
91,98,40
92,93,31
93,54,4
94,5,1
95,4,2
96,100,30
97,4,0
98,87,13
99,83,20
100,42,23
101,6,0
102,56,17
103,4,2
104,8,7
105,3,2
106,43,8
107,44,4
108,42,7
109,39,22
110,43,11
111,103,31
112,3,0
113,8,2
114,111,29
115,52,30
116,106,17
117,93,30
118,3,1
119,88,44
120,3,1
121,97,27
122,87,19
123,109,27
124,108,18
125,52,5
126,54,15
127,3,0
128,100,22
129,4,1
130,38,17
131,40,11
132,47,22
133,5,0
134,100,60
135,109,38
136,109,65
137,39,7
138,103,26
139,55,17
140,40,13
141,46,14
142,56,19
143,3,1
144,44,12
145,90,16
146,102,12
147,2,0
148,39,12
149,5,4
150,96,26
151,97,43
152,46,14
153,91,29
154,102,38
155,112,37
156,3,0
157,6,0
158,44,11
159,38,13
160,4,2
161,3,0
162,87,4
163,108,42
164,38,5
165,121,18
166,2,1
167,7,2
168,5,1
169,51,14
170,107,18
171,47,27
172,100,44
173,54,14
174,4,2
175,3,1
176,101,33
177,87,11
178,111,29
179,93,29
180,3,3
181,35,7
182,6,3
183,108,32
184,122,50
185,45,14
186,29,3
187,44,13
188,41,15
189,103,36
190,42,18
191,7,3
192,32,14
193,2,0
194,2,1
195,99,43
196,81,25
197,43,9
198,49,18
199,5,1
200,46,13
201,46,11
202,43,9
203,44,6
204,42,12
205,45,17
206,87,8
207,6,2
208,45,17
209,7,1
210,90,34
211,92,29
212,2,1
213,45,0
214,101,33
215,46,15
216,6,0
217,111,31
218,101,40
219,3,1
220,44,7
221,111,21
222,95,35
223,50,5
224,40,2
225,49,7
226,5,2
227,103,17
228,3,2
229,6,2
230,47,9
231,101,47
232,118,41
233,48,19
234,6,3
235,97,30
236,93,6
237,102,18
238,44,9
239,107,17
240,40,11
241,45,15
242,97,16
243,94,24
244,45,5
245,108,11
246,40,8
247,35,11
248,43,12
249,1,0
250,38,9
251,3,0
252,4,2
253,6,1
254,5,4
255,84,31
256,2,1
257,2,2
258,56,14
259,50,6
260,77,20
261,49,15
262,44,12
263,43,1
264,45,3
265,33,10
266,50,18
267,6,1
268,50,7
269,58,4
270,13,6
271,6,4
272,48,6
273,6,0
274,34,1
275,48,9
276,6,0
277,61,17
278,112,28
279,39,13
280,39,10
281,97,29
282,1,0
283,91,17
284,97,20
285,36,2
286,54,21
287,98,28
288,104,24
289,61,26
290,57,13
291,98,21
292,33,8
293,55,24
294,52,9
295,89,29
296,43,9
297,111,21
298,45,22
299,46,8
300,46,14
301,110,22
302,43,5
303,44,14
304,88,18
305,5,2
306,95,13
307,4,2
308,6,1
309,7,0
310,92,40
311,40,17
312,99,21
313,7,2
314,52,12
315,43,14
316,93,33
317,6,0
318,46,18
319,41,10
320,7,1
321,90,24
322,45,12
323,48,10
324,45,6
325,37,8
326,4,2
327,43,6
328,5,4
329,5,0
330,54,14
331,46,8
332,106,24
333,94,25
334,97,37
335,54,10
336,45,12
337,4,1
338,40,27
339,98,13
340,111,26
341,38,19
342,94,40
343,95,14
344,4,2
345,51,12
346,44,18
347,31,6
348,52,10
349,41,9
350,34,12
351,96,12
352,52,18
353,2,1
354,4,0
355,46,3
356,3,2
357,43,4
358,48,20
359,60,15
360,48,22
361,43,4
362,7,3
363,39,18
364,5,1
365,6,2
366,111,37
367,43,13
368,90,48
369,52,15
370,3,0
371,99,13
372,97,20
373,4,2
374,5,2
375,3,1
376,39,8
377,8,2
378,39,9
379,47,18
380,9,0
381,48,7
382,123,30
383,3,0
384,93,42
385,6,3
386,92,18
387,91,10
388,3,2
389,88,21
390,6,0
391,93,34
392,5,1
393,7,2
394,109,26
395,44,25
396,123,59
397,6,0
398,4,3
399,50,17
400,3,0
401,34,12
402,47,6
403,108,34
404,45,8
405,5,0
406,5,1
407,6,3
408,5,2
409,2,0
410,3,1
411,3,1
412,34,11
413,102,6
414,118,33
415,92,13
416,7,4
417,43,7
418,100,40
419,103,21
420,100,8
421,55,31
422,37,4
423,53,15
424,5,1
425,40,9
426,96,15
427,6,1
428,104,24
429,6,1
430,2,1
431,98,30
432,117,3
433,100,19
434,120,17
435,48,8
436,3,1
437,40,2
438,103,24
439,2,0
440,45,15
441,1,0
442,108,25
443,64,34
444,40,21
445,48,9
446,98,16
447,84,4
448,3,2
449,106,33
450,107,12
451,40,15
452,4,2
453,4,0
454,49,17
455,39,9
456,96,28
457,34,10
458,97,20
459,2,0
460,9,4
461,57,29
462,107,23
463,50,11
464,4,0
465,52,16
466,45,10
467,43,5
468,113,27
469,108,22
470,85,18
471,38,14
472,45,7
473,7,1
474,105,25
475,111,49
476,105,22
477,126,47
478,4,0
479,50,8
480,3,1
481,45,16
482,103,21
483,56,9
484,120,23
485,112,25
486,5,2
487,93,26
488,87,11
489,97,12
490,107,30
491,5,0
492,4,2
493,2,1
494,8,7
495,106,46
496,1,0
497,36,12
498,100,34
499,3,0
500,113,43
501,92,17
502,98,17
503,79,12
504,106,25
505,91,19
506,6,0
507,112,16
508,31,7
509,42,5
510,106,33
511,8,1
512,102,25
513,6,3
514,7,4
515,4,1
516,40,1
517,41,12
518,54,28
519,45,10
520,92,15
521,1,0
522,3,2
523,4,1
524,3,0
525,108,40
526,46,8
527,98,22
528,6,3
529,95,31
530,39,15
531,90,12
532,3,0
533,96,23
534,49,14
535,57,9
536,51,8
537,5,0
538,42,14
539,109,33
540,38,17
541,37,5
542,119,56
543,5,1
544,5,1
545,107,33
546,42,11
547,5,0
548,96,12
549,38,13
550,115,21
551,113,23
552,102,9
553,49,13
554,106,22
555,10,2
556,46,12
557,39,16
558,5,1
559,88,14
560,4,1
561,56,30
562,93,3
563,84,23
564,5,3
565,5,1
566,39,6
567,53,20
568,6,2
569,27,8
570,89,21
571,92,8
572,99,20
573,11,2
574,97,45
575,116,4
576,99,44
577,56,10
578,47,32
579,2,0
580,37,1
581,46,25
582,88,16
583,92,38
584,8,5
585,82,16
586,47,7
587,122,45
588,107,15
589,53,7
590,55,5
591,57,17
592,7,2
593,109,34
594,40,6
595,45,12
596,105,32
597,8,1
598,103,32
599,4,0
600,4,0
601,88,17
602,39,8
603,3,0
604,37,4
605,34,6
606,101,58
607,102,38
608,54,8
609,7,2
610,107,27
611,7,0
612,88,12
613,5,2
614,83,12
615,5,0
616,4,1
617,2,1
618,9,1
619,106,39
620,63,4
621,93,14
622,86,11
623,5,1
624,36,7
625,97,9
626,5,0
627,94,24
628,126,30
629,53,20
630,50,10
631,105,33
632,86,19
633,4,2
634,42,10
635,54,3
636,43,16
637,2,0
638,35,16
639,3,0
640,45,7
641,43,20
642,99,24
643,3,2
644,56,3
645,4,1
646,93,9
647,106,34
648,89,21
649,86,29
650,60,25
651,44,17
652,7,2
653,2,1
654,4,2
655,55,14
656,5,0
657,93,36
658,100,38
659,9,2
660,37,17
661,116,49
662,4,1
663,117,40
664,91,39
665,51,17
666,3,2
667,6,2
668,103,23
669,110,51
670,4,2
671,39,6
672,8,2
673,50,14
674,97,7
675,30,3
676,94,25
677,98,20
678,52,15
679,62,14
680,112,15
681,42,7
682,40,3
683,44,8
684,42,15
685,107,13
686,5,0
687,45,14
688,97,10
689,100,31
690,110,58
691,6,1
692,89,24
693,98,29
694,41,14
695,10,4
696,2,2
697,102,22
698,95,23
699,106,5
700,3,1
701,100,21
702,4,3
703,40,7
704,122,61
705,4,2
706,105,13
707,43,7
708,95,16
709,4,3
710,113,38
711,85,16
712,86,37
713,110,27
714,9,3
715,3,0
716,8,1
717,6,0
718,53,15
719,7,0
720,93,33
721,3,0
722,101,40
723,113,31
724,43,14
725,42,8
726,89,33
727,122,36
728,48,7
729,45,13
730,111,20
731,2,1
732,108,28
733,92,14
734,87,12
735,48,16
736,2,0
737,50,18
738,106,30
739,89,51
740,41,14
741,48,7
742,130,21
743,120,26
744,6,2
745,7,3
746,113,26
747,100,15
748,41,8
749,100,18
750,106,43
751,3,1
752,41,6
753,7,1
754,37,6
755,6,1
756,94,5
757,3,0
758,5,1
759,7,2
760,4,0
761,105,28
762,52,23
763,63,11
764,107,34
765,87,18
766,102,13
767,95,4
768,5,1
769,10,4
770,92,25
771,47,7
772,100,32
773,57,8
774,3,2
775,1,0
776,57,16
777,96,30
778,5,3
779,8,3
780,85,17
781,50,16
782,4,1
783,5,1
784,4,3
785,44,12
786,105,49
787,55,19
788,4,0
789,37,12
790,5,3
791,7,2
792,8,4
793,6,4
794,117,25
795,86,26
796,96,26
797,6,2
798,101,23
799,5,0
800,50,4
801,99,56
802,52,10
803,3,1
804,38,4
805,99,22
806,9,0
807,3,0
808,45,6
809,44,13
810,42,7
811,98,10
812,8,3
813,3,0
814,85,21
815,5,2
816,97,22
817,103,16
818,46,18
819,85,7
820,7,1
821,44,17
822,7,2
823,89,28
824,46,8
825,7,0
826,47,16
827,113,36
828,3,2
829,103,34
830,5,0
831,100,36
832,7,0
833,4,1
834,114,30
835,98,31
836,38,14
837,3,0
838,5,3
839,96,32
840,103,11
841,46,13
842,45,12
843,110,24
844,112,35
845,7,2
846,11,4
847,43,9
848,4,1
849,55,21
850,51,29
851,5,3
852,3,0
853,110,35
854,100,26
855,42,16
856,102,24
857,87,24
858,4,2
859,5,1
860,7,2
861,40,4
862,4,1
863,99,25
864,46,21
865,7,2
866,1,0
867,90,52
868,39,10
869,6,1
870,108,33
871,45,6
872,10,5
873,94,5
874,35,14
875,5,0
876,76,19
877,6,0
878,3,0
879,4,1
880,2,0
881,52,8
882,49,6
883,105,28
884,3,0
885,101,8
886,41,6
887,35,11
888,116,13
889,5,1
890,118,6
891,5,0
892,93,14
893,57,8
894,106,39
895,4,1
896,3,0
897,6,3
898,106,24
899,44,13
900,47,12
901,36,12
902,4,0
903,5,0
904,2,0
905,104,20
906,93,29
907,7,3
908,6,2
909,3,1
910,56,20
911,114,29
912,89,13
913,50,13
914,11,6
915,118,37
916,7,2
917,109,8
918,98,33
919,6,1
920,40,13
921,4,1
922,46,11
923,3,2
924,5,0
925,39,6
926,93,66
927,98,34
928,98,17
929,53,7
930,51,17
931,4,0
932,47,5
933,42,8
934,58,4
935,52,13
936,55,15
937,50,13
938,77,12
939,48,18
940,48,20
941,6,2
942,52,16
943,8,2
944,99,45
945,107,23
946,39,6
947,109,34
948,53,13
949,10,6
950,5,5
951,98,53
952,5,1
953,82,18
954,46,12
955,42,14
956,41,20
957,4,3
958,7,1
959,51,19
960,99,21
961,36,13
962,1,0
963,90,7
964,4,1
965,43,16
966,49,9
967,3,2
968,4,1
969,9,0
970,90,7
971,42,5
972,107,40
973,91,22
974,4,0
975,47,4
976,4,3
977,98,21
978,5,1
979,113,9
980,95,34
981,2,0
982,6,3
983,48,19
984,3,0
985,43,4
986,135,29
987,35,10
988,102,32
989,56,20
990,3,1
991,5,1
992,112,8
993,43,6
994,5,2
995,51,15
996,40,10
997,55,13
998,93,25
999,41,12
1000,121,33
1001,41,4
1002,47,4
1003,7,3
1004,98,43
1005,4,2
1006,35,14
1007,53,8
1008,105,28
1009,8,2
1010,96,46
1011,101,14
1012,39,20
1013,92,23
1014,5,2
1015,107,19
1016,52,18
1017,4,0
1018,88,37
1019,43,9
1020,7,3
1021,49,10
1022,95,39
1023,4,0
1024,97,11
1025,55,17
1026,40,11
1027,98,33
1028,43,10
1029,44,4
1030,3,1
1031,106,33
1032,46,11
1033,106,12
1034,112,41
1035,101,12
1036,91,33
1037,4,2
1038,92,27
1039,90,34
1040,111,11
1041,98,14
1042,5,3
1043,43,4
1044,5,1
1045,104,18
1046,43,15
1047,107,20
1048,103,22
1049,4,2
1050,41,21
1051,87,33
1052,49,15
1053,5,0
1054,101,43
1055,57,21
1056,9,4
1057,50,10
1058,6,0
1059,9,4
1060,101,36
1061,4,3
1062,49,10
1063,44,20
1064,3,1
1065,105,32
1066,11,4
1067,97,45
1068,48,16
1069,5,2
1070,102,16
1071,8,1
1072,101,23
1073,8,4
1074,133,39
1075,46,10
1076,108,21
1077,5,1
1078,55,30
1079,47,8
1080,5,0
1081,50,14
1082,5,1
1083,7,2
1084,5,0
1085,39,8
1086,6,3
1087,45,17
1088,93,15
1089,39,10
1090,47,18
1091,7,1
1092,45,9
1093,46,12
1094,3,1
1095,100,50
1096,2,0
1097,6,0
1098,124,27
1099,6,0
1100,32,12
1101,48,16
1102,40,14
1103,108,44
1104,99,24
1105,5,0
1106,39,5
1107,5,2
1108,105,16
1109,3,1
1110,97,19
1111,49,16
1112,37,7
1113,100,10
1114,37,10
1115,43,15
1116,109,27
1117,5,2
1118,4,1
1119,36,4
1120,7,4
1121,7,0
1122,48,12
1123,101,43
1124,35,9
1125,48,16
1126,50,12
1127,3,0
1128,86,26
1129,31,1
1130,6,1
1131,45,8
1132,3,0
1133,5,1
1134,55,9
1135,6,0
1136,107,31
1137,4,3
1138,100,33
1139,97,15
1140,5,2
1141,4,1
1142,3,0
1143,110,37
1144,106,22
1145,104,66
1146,8,4
1147,9,3
1148,93,19
1149,10,1
1150,6,0
1151,5,2
1152,35,11
1153,5,1
1154,45,4
1155,49,13
1156,44,1
1157,98,51
1158,3,1
1159,6,1
1160,37,8
1161,3,1
1162,34,3
1163,6,1
1164,3,2
1165,43,11
1166,54,30
1167,114,33
1168,45,6
1169,105,37
1170,6,3
1171,98,34
1172,50,7
1173,5,1
1174,100,14
1175,104,30
1176,6,1
1177,40,2
1178,6,2
1179,82,34
1180,91,22
1181,3,1
1182,46,13
1183,6,1
1184,41,15
1185,79,26
1186,2,0
1187,105,49
1188,98,19
1189,56,5
1190,92,26
1191,42,16
1192,88,33
1193,6,1
1194,37,10
1195,6,2
1196,102,46
1197,56,9
1198,5,0
1199,5,2
1200,2,0
1201,9,2
1202,96,24
1203,40,20
1204,8,2
1205,7,0
1206,5,0
1207,3,1
1208,111,45
1209,92,14
1210,41,14
1211,110,33
1212,4,1
1213,5,1
1214,65,4
1215,4,0
1216,44,20
1217,51,5
1218,96,43
1219,42,11
1220,45,8
1221,54,12
1222,98,4
1223,90,20
1224,4,0
1225,38,16
1226,2,1
1227,2,1
1228,8,0
1229,4,1
1230,106,34
1231,39,14
1232,8,1
1233,47,14
1234,4,3
1235,5,0
1236,119,34
1237,7,2
1238,4,0
1239,33,12
1240,113,24
1241,9,2
1242,90,27
1243,33,9
1244,92,38
1245,99,29
1246,105,30
1247,6,1
1248,41,13
1249,6,2
1250,109,33
1251,45,18
1252,5,1
1253,1,1
1254,102,30
1255,44,16
1256,111,40
1257,111,28
1258,41,16
1259,2,0
1260,52,18
1261,105,20
1262,48,12
1263,32,6
1264,107,9
1265,120,18
1266,43,6
1267,7,3
1268,5,3
1269,56,7
1270,37,6
1271,10,2
1272,44,11
1273,94,30
1274,54,25
1275,41,16
1276,95,26
1277,41,7
1278,38,17
1279,103,43
1280,42,13
1281,106,28
1282,97,26
1283,38,17
1284,35,4
1285,43,1
1286,42,8
1287,38,5
1288,5,0
1289,50,9
1290,103,29
1291,52,17
1292,99,21
1293,105,26
1294,38,6
1295,6,1
1296,5,1
1297,99,22
1298,108,25
1299,4,0
1300,57,13
1301,8,2
1302,6,0
1303,50,20
1304,7,3
1305,5,1
1306,4,0
1307,54,9
1308,106,28
1309,98,15
1310,46,10
1311,98,26
1312,53,3
1313,41,13
1314,94,37
1315,4,0
1316,7,2
1317,3,1
1318,95,19
1319,6,2
1320,4,2
1321,99,21
1322,103,35
1323,50,11
1324,38,9
1325,81,22
1326,4,1
1327,101,48
1328,84,11
1329,100,44
1330,3,0
1331,4,1
1332,39,19
1333,53,11
1334,97,14
1335,50,13
1336,107,33
1337,95,31
1338,39,15
1339,6,1
1340,2,0
1341,6,2
1342,86,12
1343,4,2
1344,80,13
1345,57,10
1346,114,29
1347,103,15
1348,95,17
1349,4,0
1350,51,8
1351,94,11
1352,103,34
1353,47,4
1354,40,11
1355,107,16
1356,55,21
1357,103,27
1358,49,8
1359,1,0
1360,39,5
1361,51,9
1362,4,3
1363,90,23
1364,107,55
1365,6,0
1366,38,7
1367,57,12
1368,96,19
1369,6,2
1370,7,3
1371,48,5
1372,6,1
1373,6,3
1374,48,6
1375,108,55
1376,54,13
1377,7,1
1378,101,13
1379,100,35
1380,5,5
1381,41,6
1382,49,11
1383,39,7
1384,41,10
1385,44,9
1386,47,13
1387,3,0
1388,45,13
1389,2,0
1390,5,0
1391,101,30
1392,95,37
1393,4,3
1394,4,1
1395,45,8
1396,40,7
1397,41,3
1398,6,1
1399,107,38
1400,6,1
1401,106,46
1402,40,6
1403,46,16
1404,6,4
1405,49,9
1406,6,2
1407,7,3
1408,50,14
1409,109,19
1410,6,0
1411,51,15
1412,55,28
1413,108,27
1414,53,21
1415,5,2
1416,128,27
1417,87,20
1418,101,31
1419,10,4
1420,54,8
1421,4,2
1422,63,21
1423,85,28
1424,3,0
1425,41,9
1426,50,23
1427,98,28
1428,42,27
1429,42,11
1430,104,20
1431,2,0
1432,9,0
1433,53,13
1434,7,1
1435,7,2
1436,102,24
1437,84,1
1438,101,16
1439,103,28
1440,42,18
1441,98,7
1442,52,29
1443,100,11
1444,3,1
1445,7,3
1446,47,2
1447,45,25
1448,4,0
1449,4,1
1450,87,19
1451,5,0
1452,106,29
1453,95,32
1454,107,24
1455,7,1
1456,43,5
1457,51,3
1458,94,25
1459,2,2
1460,45,10
1461,35,9
1462,115,25
1463,3,0
1464,94,18
1465,2,0
1466,103,20
1467,3,2
1468,109,36
1469,9,4
1470,60,25
1471,5,2
1472,35,11
1473,41,10
1474,58,15
1475,59,16
1476,111,23
1477,107,20
1478,95,28
1479,48,12
1480,2,0
1481,103,21
1482,58,12
1483,108,34
1484,5,0
1485,2,1
1486,45,13
1487,104,11
1488,47,8
1489,112,8
1490,46,10
1491,8,4
1492,41,4
1493,47,14
1494,51,9
1495,98,42
1496,46,4
1497,4,1
1498,41,3
1499,7,2
1500,43,9
1501,119,31
1502,7,2
1503,60,14
1504,38,2
1505,3,0
1506,86,13
1507,107,25
1508,4,0
1509,85,25
1510,111,40
1511,114,36
1512,11,5
1513,55,14
1514,40,10
1515,54,12
1516,105,7
1517,7,4
1518,33,5
1519,93,19
1520,6,0
1521,9,1
1522,41,10
1523,53,12
1524,6,2
1525,92,21
1526,107,7
1527,40,4
1528,6,0
1529,47,15
1530,92,29
1531,110,16
1532,6,2
1533,107,38
1534,3,2
1535,3,3
1536,34,9
1537,45,15
1538,45,8
1539,93,32
1540,11,6
1541,6,0
1542,97,31
1543,51,19
1544,8,1
1545,29,9
1546,116,23
1547,4,3
1548,112,32
1549,8,6
1550,7,1
1551,107,34
1552,46,15
1553,98,44
1554,39,2
1555,118,66
1556,95,28
1557,45,17
1558,105,19
1559,112,37
1560,97,23
1561,107,21
1562,55,13
1563,97,25
1564,40,18
1565,41,28
1566,53,8
1567,7,1
1568,5,1
1569,42,15
1570,4,0
1571,5,0
1572,43,16
1573,97,55
1574,104,26
1575,47,4
1576,114,20
1577,5,1
1578,90,16
1579,42,3
1580,9,6
1581,110,30
1582,104,30
1583,103,18
1584,96,41
1585,7,1
1586,4,0
1587,104,23
1588,7,0
1589,101,14
1590,9,3
1591,51,19
1592,49,5
1593,8,1
1594,46,5
1595,6,1
1596,93,29
1597,6,0
1598,50,2
1599,10,1
1600,95,20
1601,40,8
1602,41,17
1603,47,15
1604,44,6
1605,8,2
1606,92,27
1607,97,31
1608,47,16
1609,43,10
1610,5,0
1611,105,15
1612,108,25
1613,91,26
1614,99,5
1615,8,1
1616,112,50
1617,112,26
1618,112,26
1619,103,14
1620,8,4
1621,5,2
1622,82,15
1623,43,8
1624,103,9
1625,46,13
1626,95,36
1627,103,26
1628,8,5
1629,107,40
1630,4,0
1631,58,19
1632,3,1
1633,4,0
1634,41,17
1635,41,5
1636,6,3
1637,5,0
1638,40,7
1639,107,28
1640,107,19
1641,56,15
1642,95,38
1643,94,12
1644,45,6
1645,6,3
1646,41,11
1647,10,3
1648,6,1
1649,6,2
1650,49,12
1651,36,14
1652,66,18
1653,101,40
1654,5,2
1655,98,7
1656,128,56
1657,40,2
1658,49,15
1659,37,6
1660,93,6
1661,103,15
1662,9,1
1663,35,16
1664,89,17
1665,102,5
1666,49,10
1667,72,9
1668,96,22
1669,10,1
1670,8,3
1671,3,1
1672,4,1
1673,80,9
1674,98,32
1675,46,8
1676,7,1
1677,96,13
1678,47,5
1679,104,34
1680,44,10
1681,100,44
1682,96,17
1683,46,15
1684,52,10
1685,96,26
1686,5,0
1687,112,18
1688,53,7
1689,111,58
1690,47,13
1691,110,17
1692,119,28
1693,42,19
1694,50,7
1695,5,0
1696,5,3
1697,55,8
1698,6,1
1699,47,21
1700,34,6
1701,6,1
1702,3,1
1703,4,0
1704,33,4
1705,98,12
1706,2,0
1707,4,1
1708,50,12
1709,7,1
1710,40,15
1711,102,38
1712,111,31
1713,6,2
1714,5,1
1715,113,27
1716,6,2
1717,39,5
1718,45,12
1719,91,12
1720,60,9
1721,109,31
1722,120,42
1723,99,25
1724,117,35
1725,38,12
1726,1,0
1727,44,26
1728,4,0
1729,40,9
1730,42,9
1731,82,15
1732,3,3
1733,38,13
1734,5,1
1735,7,4
1736,88,16
1737,87,13
1738,94,13
1739,12,3
1740,8,0
1741,46,8
1742,40,11
1743,3,1
1744,101,34
1745,119,31
1746,40,7
1747,8,1
1748,7,3
1749,7,2
1750,103,24
1751,92,15
1752,88,14
1753,9,3
1754,8,1
1755,43,11
1756,69,12
1757,101,42
1758,94,20
1759,101,1
1760,104,16
1761,44,18
1762,47,17
1763,5,2
1764,4,1
1765,8,0
1766,112,28
1767,51,14
1768,101,49
1769,40,12
1770,56,6
1771,5,1
1772,104,9
1773,106,22
1774,6,4
1775,6,2
1776,6,2
1777,53,12
1778,2,1
1779,7,4
1780,95,35
1781,47,14
1782,7,2
1783,103,13
1784,43,15
1785,44,10
1786,40,8
1787,91,28
1788,122,42
1789,82,30
1790,5,2
1791,8,2
1792,102,8
1793,98,15
1794,4,1
1795,87,26
1796,39,14
1797,97,39
1798,30,8
1799,94,35
1800,104,23
1801,120,34
1802,6,0
1803,98,47
1804,90,14
1805,45,8
1806,101,37
1807,5,2
1808,5,0
1809,42,13
1810,102,19
1811,81,13
1812,107,50
1813,8,2
1814,98,37
1815,91,26
1816,41,6
1817,3,0
1818,7,2
1819,9,3
1820,4,2
1821,37,3
1822,42,3
1823,103,47
1824,51,14
1825,38,5
1826,42,7
1827,42,3
1828,6,3
1829,96,21
1830,43,14
1831,9,1
1832,103,12
1833,101,16
1834,7,0
1835,40,6
1836,9,5
1837,4,0
1838,39,16
1839,5,1
1840,119,37
1841,8,5
1842,95,15
1843,58,17
1844,1,1
1845,5,3
1846,34,15
1847,4,1
1848,4,0
1849,42,10
1850,110,30
1851,113,52
1852,113,63
1853,4,1
1854,8,4
1855,43,12
1856,1,0
1857,4,1
1858,7,1
1859,7,4
1860,108,42
1861,9,2
1862,51,14
1863,90,45
1864,7,1
1865,99,31
1866,5,2
1867,111,23
1868,37,10
1869,90,12
1870,94,27
1871,5,2
1872,109,18
1873,109,18
1874,6,3
1875,52,2
1876,3,2
1877,79,18
1878,48,13
1879,94,36
1880,96,18
1881,3,2
1882,36,12
1883,28,4
1884,102,26
1885,5,1
1886,41,12
1887,5,1
1888,4,0
1889,102,52
1890,6,0
1891,103,8
1892,35,10
1893,39,7
1894,3,1
1895,102,19
1896,6,4
1897,104,27
1898,98,23
1899,95,23
1900,47,4
1901,118,39
1902,37,4
1903,54,24
1904,106,38
1905,104,31
1906,6,2
1907,3,2
1908,6,0
1909,47,13
1910,54,13
1911,6,1
1912,4,1
1913,106,36
1914,44,8
1915,5,3
1916,41,10
1917,44,4
1918,40,15
1919,52,8
1920,5,0
1921,47,7
1922,95,14
1923,6,2
1924,46,13
1925,6,0
1926,47,14
1927,3,2
1928,39,7
1929,103,19
1930,51,12
1931,3,2
1932,47,14
1933,6,2
1934,90,15
1935,130,42
1936,93,31
1937,40,7
1938,111,17
1939,9,2
1940,47,15
1941,56,17
1942,35,8
1943,3,1
1944,98,29
1945,123,29
1946,45,14
1947,44,15
1948,43,7
1949,90,13
1950,46,10
1951,6,3
1952,99,52
1953,4,1
1954,3,1
1955,108,24
1956,96,38
1957,37,11
1958,5,1
1959,45,15
1960,7,1
1961,45,10
1962,4,0
1963,37,10
1964,84,17
1965,54,14
1966,102,19
1967,5,4
1968,5,3
1969,119,62
1970,50,20
1971,4,1
1972,5,3
1973,93,28
1974,6,1
1975,97,50
1976,40,17
1977,13,1
1978,42,4
1979,6,1
1980,48,12
1981,103,33
1982,115,50
1983,41,7
1984,107,24
1985,43,12
1986,49,14
1987,64,6
1988,95,22
1989,4,1
1990,86,23
1991,97,40
1992,6,1
1993,3,0
1994,84,17
1995,57,1
1996,42,11
1997,105,9
1998,4,0
1999,92,44
2000,105,22
2001,49,8
2002,60,15
2003,2,1
2004,104,28
2005,6,0
2006,45,9
2007,112,40
2008,83,9
2009,104,29
2010,104,22
2011,114,12
2012,31,5
2013,1,0
2014,7,2
2015,2,2
2016,3,1
2017,38,15
2018,93,19
2019,57,9
2020,44,8
2021,37,12
2022,112,29
2023,40,17
2024,3,0
2025,8,1
2026,83,17
2027,2,1
2028,104,2
2029,5,3
2030,98,31
2031,10,2
2032,101,38
2033,49,16
2034,98,31
2035,41,3
2036,84,20
2037,98,31
2038,3,0
2039,8,1
2040,7,2
2041,56,10
2042,69,5
2043,48,17
2044,104,40
2045,90,16
2046,50,16
2047,80,19
2048,46,8
2049,99,16
2050,4,1
2051,97,20
2052,49,16
2053,86,15
2054,43,10
2055,29,9
2056,98,25
2057,105,14
2058,112,18
2059,107,23
2060,101,17
2061,122,44
2062,47,17
2063,4,0
2064,5,0
2065,99,37
2066,55,20
2067,39,11
2068,107,16
2069,93,9
2070,50,17
2071,90,14
2072,2,0
2073,122,19
2074,88,12
2075,102,44
2076,7,0
2077,48,18
2078,51,17
2079,3,1
2080,5,0
2081,78,26
2082,102,2
2083,56,12
2084,50,20
2085,83,6
2086,10,1
2087,37,9
2088,112,13
2089,108,42
2090,34,2
2091,99,45
2092,89,20
2093,45,2
2094,44,20
2095,89,25
2096,3,0
2097,4,0
2098,98,23
2099,115,43
2100,90,35
2101,108,6
2102,110,24
2103,2,0
2104,90,11
2105,47,10
2106,4,2
2107,45,6
2108,4,1
2109,5,2
2110,99,22
2111,2,1
2112,88,15
2113,101,25
2114,37,2
2115,53,10
2116,39,15
2117,105,9
2118,3,0
2119,101,13
2120,5,0
2121,98,26
2122,39,9
2123,48,14
2124,47,10
2125,48,13
2126,99,30
2127,4,2
2128,44,21
2129,48,5
2130,85,13
2131,102,20
2132,55,15
2133,3,0
2134,89,17
2135,5,0
2136,36,6
2137,79,10
2138,8,3
2139,104,23
2140,4,0
2141,106,27
2142,101,17
2143,4,1
2144,57,14
2145,49,16
2146,99,37
2147,106,17
2148,6,3
2149,6,3
2150,7,1
2151,90,27
2152,5,1
2153,6,1
2154,82,20
2155,45,11
2156,4,3
2157,36,20
2158,109,33
2159,38,8
2160,4,2
2161,105,33
2162,10,3
2163,6,1
2164,106,13
2165,3,2
2166,3,2
2167,60,23
2168,48,23
2169,92,13
2170,112,24
2171,49,13
2172,9,3
2173,114,60
2174,3,0
2175,93,23
2176,108,12
2177,4,1
2178,45,16
2179,107,32
2180,4,0
2181,5,0
2182,40,11
2183,119,17
2184,49,7
2185,102,18
2186,4,3
2187,51,18
2188,50,12
2189,3,0
2190,44,9
2191,5,2
2192,87,34
2193,42,5
2194,5,1
2195,55,22
2196,80,29
2197,40,3
2198,5,2
2199,40,11
2200,3,0
2201,6,0
2202,48,10
2203,47,9
2204,47,7
2205,97,20
2206,40,8
2207,6,0
2208,6,1
2209,5,2
2210,8,3
2211,48,11
2212,34,24
2213,2,0
2214,46,13
2215,5,0
2216,34,0
2217,98,30
2218,84,22
2219,9,3
2220,1,0
2221,87,17
2222,88,26
2223,108,23
2224,3,2
2225,103,11
2226,4,0
2227,5,0
2228,43,12
2229,6,0
2230,113,39
2231,4,1
2232,109,31
2233,93,30
2234,85,21
2235,7,1
2236,94,27
2237,49,5
2238,5,1
2239,109,10
2240,5,0
2241,48,12
2242,3,1
2243,5,0
2244,121,18
2245,93,20
2246,51,16
2247,4,3
2248,51,19
2249,4,0
2250,104,31
2251,6,1
2252,50,8
2253,6,2
2254,46,19
2255,6,1
2256,86,9
2257,3,1
2258,34,8
2259,116,9
2260,124,18
2261,8,1
2262,9,1
2263,2,0
2264,5,0
2265,49,12
2266,7,2
2267,45,5
2268,90,19
2269,5,1
2270,9,3
2271,6,1
2272,47,12
2273,3,1
2274,4,1
2275,51,7
2276,7,1
2277,94,13
2278,46,15
2279,116,27
2280,103,21
2281,4,0
2282,44,12
2283,7,3
2284,95,21
2285,97,17
2286,86,27
2287,92,35
2288,90,22
2289,10,0
2290,108,46
2291,1,1
2292,97,19
2293,110,28
2294,38,11
2295,5,2
2296,4,1
2297,108,41
2298,43,11
2299,42,10
2300,51,11
2301,4,0
2302,83,27
2303,12,1
2304,50,3
2305,55,5
2306,5,0
2307,4,1
2308,4,0
2309,43,9
2310,4,1
2311,95,39
2312,2,0
2313,7,0
2314,107,40
2315,49,18
2316,44,5
2317,92,33
2318,1,0
2319,55,19
2320,7,5
2321,104,46
2322,85,26
2323,46,6
2324,117,49
2325,48,21
2326,7,2
2327,3,1
2328,40,11
2329,43,18
2330,109,46
2331,41,15
2332,103,36
2333,37,10
2334,52,14
2335,43,13
2336,82,24
2337,114,25
2338,40,0
2339,6,1
2340,102,40
2341,97,26
2342,102,24
2343,51,14
2344,94,29
2345,90,13
2346,107,22
2347,56,15
2348,2,0
2349,7,2
2350,105,22
2351,57,10
2352,101,29
2353,47,12
2354,102,11
2355,6,2
2356,86,10
2357,78,18
2358,108,22
2359,32,1
2360,7,2
2361,97,36
2362,42,12
2363,5,0
2364,6,1
2365,5,4
2366,2,1
2367,3,1
2368,33,2
2369,7,3
2370,6,0
2371,41,8
2372,109,35
2373,39,10
2374,105,13
2375,103,13
2376,7,2
2377,109,10
2378,83,32
2379,86,36
2380,44,9
2381,41,13
2382,81,15
2383,7,1
2384,7,1
2385,111,18
2386,13,0
2387,42,7
2388,42,16
2389,6,1
2390,6,2
2391,2,0
2392,121,13
2393,40,5
2394,76,2
2395,6,1
2396,46,4
2397,100,34
2398,42,7
2399,2,1
2400,6,3
2401,4,0
2402,41,17
2403,4,1
2404,4,2
2405,3,0
2406,6,5
2407,100,45
2408,43,5
2409,46,17
2410,9,3
2411,107,51
2412,98,40
2413,42,17
2414,42,9
2415,88,29
2416,9,3
2417,6,0
2418,111,16
2419,3,2
2420,46,4
2421,5,3
2422,8,2
2423,44,5
2424,4,1
2425,39,2
2426,2,0
2427,120,26
2428,5,1
2429,98,23
2430,30,4
2431,6,2
2432,3,0
2433,44,6
2434,107,17
2435,44,21
2436,35,6
2437,103,18
2438,51,8
2439,3,0
2440,5,0
2441,40,7
2442,102,35
2443,5,2
2444,52,13
2445,6,4
2446,38,10
2447,59,16
2448,41,11
2449,1,1
2450,44,13
2451,10,4
2452,90,39
2453,5,2
2454,51,25
2455,35,1
2456,7,2
2457,41,8
2458,5,0
2459,3,0
2460,50,3
2461,105,28
2462,107,19
2463,35,18
2464,4,1
2465,117,34
2466,99,27
2467,104,24
2468,5,1
2469,6,1
2470,6,3
2471,50,13
2472,92,15
2473,6,3
2474,104,10
2475,99,26
2476,42,16
2477,25,10
2478,53,14
2479,36,15
2480,7,1
2481,92,26
2482,6,1
2483,7,1
2484,49,7
2485,45,13
2486,44,8
2487,110,18
2488,4,1
2489,45,13
2490,6,3
2491,105,23
2492,6,2
2493,38,4
2494,74,33
2495,4,0
2496,42,6
2497,42,14
2498,48,18
2499,5,1
2500,103,32
2501,32,6
2502,4,0
2503,55,5
2504,7,5
2505,39,10
2506,59,14
2507,47,20
2508,3,1
2509,10,4
2510,34,15
2511,48,16
2512,105,39
2513,96,21
2514,7,0
2515,45,13
2516,1,0
2517,9,4
2518,42,17
2519,90,42
2520,8,1
2521,111,30
2522,90,29
2523,43,5
2524,52,34
2525,110,17
2526,5,0
2527,8,4
2528,3,1
2529,53,10
2530,52,12
2531,91,19
2532,3,1
2533,40,19
2534,94,12
2535,99,16
2536,38,6
2537,8,3
2538,81,38
2539,31,2
2540,92,9
2541,5,0
2542,4,1
2543,83,21
2544,95,23
2545,50,9
2546,4,0
2547,92,18
2548,111,17
2549,91,15
2550,99,22
2551,104,31
2552,111,9
2553,6,1
2554,5,1
2555,95,15
2556,9,5
2557,84,35
2558,99,15
2559,6,0
2560,47,17
2561,2,1
2562,2,0
2563,100,32
2564,31,11
2565,5,0
2566,93,10
2567,78,28
2568,113,26
2569,47,9
2570,42,12
2571,10,2
2572,38,15
2573,92,33
2574,4,1
2575,6,1
2576,8,4
2577,4,1
2578,109,33
2579,42,9
2580,6,1
2581,57,0
2582,94,26
2583,8,1
2584,7,0
2585,86,20
2586,4,1
2587,42,9
2588,92,24
2589,6,3
2590,31,9
2591,5,2
2592,10,2
2593,45,10
2594,2,0
2595,49,25
2596,38,8
2597,5,0
2598,92,6
2599,96,24
2600,97,31
2601,47,22
2602,47,13
2603,91,61
2604,99,32
2605,7,4
2606,54,11
2607,4,0
2608,50,9
2609,57,5
2610,103,33
2611,100,12
2612,5,0
2613,37,9
2614,112,22
2615,114,21
2616,103,55
2617,110,40
2618,6,3
2619,114,25
2620,2,0
2621,117,32
2622,4,0
2623,7,1
2624,46,5
2625,50,17
2626,40,13
2627,1,0
2628,43,13
2629,97,60
2630,44,15
2631,44,25
2632,74,11
2633,81,15
2634,96,8
2635,106,26
2636,38,10
2637,95,22
2638,5,5
2639,47,7
2640,41,10
2641,96,17
2642,95,22
2643,85,13
2644,3,1
2645,49,4
2646,44,12
2647,6,3
2648,9,2
2649,91,31
2650,12,1
2651,100,38
2652,104,15
2653,43,14
2654,30,8
2655,41,11
2656,98,18
2657,95,13
2658,41,8
2659,91,44
2660,4,2
2661,97,21
2662,36,10
2663,38,16
2664,47,6
2665,4,2
2666,7,0
2667,47,6
2668,42,8
2669,107,34
2670,5,1
2671,41,7
2672,38,13
2673,8,3
2674,4,0
2675,2,1
2676,3,1
2677,86,25
2678,117,32
2679,116,18
2680,45,10
2681,40,8
2682,47,28
2683,88,27
2684,108,26
2685,7,0
2686,48,20
2687,8,3
2688,106,37
2689,5,1
2690,103,52
2691,97,24
2692,49,6
2693,48,18
2694,101,30
2695,98,16
2696,73,31
2697,44,9
2698,112,21
2699,42,11
2700,109,46
2701,92,16
2702,2,2
2703,120,12
2704,98,17
2705,91,29
2706,42,6
2707,90,29
2708,4,0
2709,97,6
2710,41,3
2711,89,18
2712,113,22
2713,3,1
2714,8,0
2715,7,2
2716,5,1
2717,8,4
2718,108,31
2719,99,47
2720,46,12
2721,2,0
2722,43,10
2723,108,26
2724,83,17
2725,3,0
2726,5,4
2727,50,29
2728,4,0
2729,108,10
2730,4,1
2731,51,14
2732,45,15
2733,3,0
2734,110,7
2735,94,17
2736,9,7
2737,49,19
2738,4,1
2739,43,19
2740,47,2
2741,112,17
2742,95,33
2743,107,24
2744,3,1
2745,45,12
2746,108,18
2747,45,9
2748,100,23
2749,46,8
2750,45,10
2751,5,2
2752,44,24
2753,7,6
2754,44,11
2755,40,11
2756,55,16
2757,105,15
2758,43,10
2759,84,14
2760,105,9
2761,3,2
2762,39,11
2763,92,23
2764,46,10
2765,47,15
2766,96,28
2767,116,18
2768,84,32
2769,89,27
2770,7,3
2771,94,25
2772,5,0
2773,39,15
2774,44,5
2775,108,14
2776,94,44
2777,105,13
2778,6,2
2779,91,28
2780,41,16
2781,2,0
2782,4,1
2783,101,19
2784,50,5
2785,104,19
2786,42,9
2787,3,0
2788,102,31
2789,46,13
2790,95,51
2791,10,5
2792,46,17
2793,35,11
2794,103,24
2795,6,0
2796,37,2
2797,119,24
2798,4,0
2799,59,25
2800,99,25
2801,48,11
2802,57,18
2803,5,1
2804,80,5
2805,42,12
2806,6,0
2807,47,11
2808,98,29
2809,10,3
2810,4,1
2811,97,11
2812,35,11
2813,46,9
2814,5,0
2815,5,0
2816,5,2
2817,121,29
2818,5,2
2819,4,0
2820,46,20
2821,8,1
2822,102,42
2823,92,3
2824,108,48
2825,93,17
2826,36,4
2827,104,4
2828,8,2
2829,3,2
2830,108,28
2831,56,9
2832,100,24
2833,4,2
2834,100,26
2835,46,2
2836,3,1
2837,48,30
2838,99,20
2839,6,1
2840,47,10
2841,49,6
2842,9,3
2843,9,1
2844,41,15
2845,108,11
2846,5,1
2847,47,8
2848,88,20
2849,7,3
2850,8,2
2851,97,1
2852,42,10
2853,41,7
2854,9,2
2855,4,0
2856,46,10
2857,4,0
2858,10,1
2859,101,28
2860,7,2
2861,113,25
2862,48,10
2863,44,19
2864,49,6
2865,4,0
2866,115,38
2867,98,16
2868,90,10
2869,50,9
2870,62,8
2871,4,2
2872,7,0
2873,94,28
2874,96,21
2875,43,8
2876,5,1
2877,60,15
2878,4,1
2879,100,33
2880,8,3
2881,52,14
2882,54,10
2883,94,21
2884,47,4
2885,100,15
2886,100,11
2887,1,0
2888,51,13
2889,109,8
2890,88,25
2891,94,35
2892,50,10
2893,37,4
2894,114,43
2895,1,1
2896,60,9
2897,97,7
2898,116,39
2899,100,25
2900,40,6
2901,4,0
2902,32,16
2903,97,6
2904,1,0
2905,8,2
2906,6,2
2907,87,17
2908,80,22
2909,90,27
2910,7,2
2911,2,2
2912,55,21
2913,41,18
2914,50,5
2915,11,3
2916,9,1
2917,3,2
2918,11,0
2919,55,5
2920,4,0
2921,6,3
2922,6,2
2923,5,3
2924,113,36
2925,5,1
2926,100,34
2927,94,23
2928,4,0
2929,5,0
2930,40,1
2931,36,2
2932,46,8
2933,58,12
2934,4,0
2935,44,12
2936,3,2
2937,100,24
2938,106,21
2939,7,2
2940,5,0
2941,43,16
2942,45,9
2943,43,12
2944,2,2
2945,4,2
2946,99,32
2947,42,7
2948,110,23
2949,35,12
2950,95,25
2951,58,12
2952,7,1
2953,40,7
2954,48,10
2955,6,1
2956,3,1
2957,92,32
2958,7,1
2959,104,18
2960,109,44
2961,45,2
2962,1,0
2963,89,17
2964,5,1
2965,36,10
2966,46,9
2967,8,1
2968,40,6
2969,46,25
2970,41,12
2971,86,33
2972,86,26
2973,98,29
2974,7,0
2975,52,10
2976,49,11
2977,51,12
2978,87,24
2979,4,0
2980,45,16
2981,86,21
2982,4,3
2983,4,0
2984,106,31
2985,9,2
2986,48,13
2987,58,11
2988,98,20
2989,4,3
2990,4,0
2991,102,34
2992,7,1
2993,5,0
2994,98,27
2995,5,1
2996,48,1
2997,4,2
2998,80,23
2999,101,22
3000,42,6
3001,6,0
3002,48,15
3003,40,9
3004,44,5
3005,114,34
3006,50,12
3007,7,0
3008,45,11
3009,33,12
3010,46,3
3011,55,30
3012,45,3
3013,57,8
3014,4,0
3015,29,5
3016,6,2
3017,6,2
3018,5,1
3019,6,3
3020,103,44
3021,2,1
3022,4,2
3023,59,18
3024,3,1
3025,95,55
3026,42,13
3027,6,2
3028,6,2
3029,103,37
3030,56,22
3031,5,1
3032,121,17
3033,12,2
3034,35,8
3035,34,13
3036,6,1
3037,38,9
3038,42,3
3039,42,6
3040,7,2
3041,5,1
3042,1,1
3043,7,4
3044,5,0
3045,51,11
3046,117,27
3047,94,21
3048,61,9
3049,6,2
3050,101,12
3051,109,19
3052,46,13
3053,97,22
3054,110,30
3055,5,1
3056,112,57
3057,123,20
3058,49,23
3059,101,45
3060,50,17
3061,3,0
3062,3,1
3063,5,2
3064,97,31
3065,49,15
3066,44,13
3067,96,15
3068,47,5
3069,41,12
3070,118,14
3071,50,5
3072,39,4
3073,45,18
3074,5,2
3075,4,4
3076,3,0
3077,97,39
3078,48,18
3079,5,0
3080,5,3
3081,7,1
3082,107,40
3083,109,18
3084,6,0
3085,2,0
3086,105,31
3087,95,39
3088,46,13
3089,4,0
3090,2,1
3091,44,11
3092,49,15
3093,92,22
3094,2,2
3095,3,1
3096,48,27
3097,98,30
3098,112,14
3099,6,2
3100,47,15
3101,112,13
3102,1,0
3103,92,26
3104,5,0
3105,50,5
3106,80,22
3107,115,28
3108,7,1
3109,39,1
3110,89,33
3111,38,13
3112,52,23
3113,39,9
3114,4,3
3115,42,25
3116,98,24
3117,106,34
3118,35,10
3119,112,26
3120,47,21
3121,102,16
3122,95,42
3123,83,35
3124,44,19
3125,43,3
3126,7,1
3127,93,14
3128,5,0
3129,2,0
3130,3,2
3131,52,11
3132,39,9
3133,99,29
3134,111,24
3135,44,18
3136,4,1
3137,88,19
3138,2,0
3139,6,1
3140,2,0
3141,41,18
3142,6,0
3143,97,20
3144,95,6
3145,87,39
3146,8,4
3147,106,35
3148,43,7
3149,47,9
3150,102,19
3151,4,1
3152,4,2
3153,60,11
3154,49,8
3155,3,0
3156,6,2
3157,111,17
3158,108,13
3159,32,13
3160,95,23
3161,96,30
3162,42,20
3163,47,14
3164,53,8
3165,72,12
3166,113,12
3167,83,31
3168,1,0
3169,52,6
3170,7,1
3171,88,36
3172,55,7
3173,47,2
3174,42,9
3175,40,7
3176,55,29
3177,117,31
3178,54,10
3179,103,14
3180,2,1
3181,34,9
3182,6,0
3183,98,25
3184,4,1
3185,2,0
3186,4,3
3187,107,9
3188,47,7
3189,101,46
3190,48,3
3191,96,15
3192,44,2
3193,87,37
3194,97,32
3195,108,8
3196,104,19
3197,50,9
3198,44,21
3199,5,0
3200,8,3
3201,3,1
3202,105,19
3203,108,14
3204,2,0
3205,42,17
3206,39,9
3207,6,1
3208,6,1
3209,43,5
3210,10,3
3211,54,13
3212,6,2
3213,100,29
3214,38,1
3215,7,1
3216,112,26
3217,79,28
3218,60,6
3219,5,2
3220,9,2
3221,102,32
3222,98,26
3223,6,1
3224,6,2
3225,8,4
3226,52,25
3227,80,34
3228,36,8
3229,49,12
3230,39,5
3231,53,23
3232,93,36
3233,49,7
3234,42,11
3235,105,38
3236,112,18
3237,7,3
3238,55,15
3239,3,1
3240,50,16
3241,2,0
3242,44,9
3243,5,1
3244,7,5
3245,103,42
3246,109,28
3247,129,20
3248,105,27
3249,6,1
3250,42,5
3251,106,24
3252,6,1
3253,5,3
3254,4,1
3255,87,34
3256,4,1
3257,7,1
3258,2,0
3259,47,22
3260,122,36
3261,105,53
3262,42,6
3263,109,38
3264,50,10
3265,4,0
3266,9,4
3267,122,13
3268,100,15
3269,7,1
3270,94,21
3271,32,6
3272,9,5
3273,49,15
3274,93,19
3275,45,10
3276,4,2
3277,38,14
3278,4,0
3279,51,10
3280,2,1
3281,51,27
3282,100,28
3283,108,20
3284,8,2
3285,57,14
3286,36,2
3287,81,13
3288,47,13
3289,46,7
3290,36,0
3291,1,0
3292,47,11
3293,6,1
3294,102,15
3295,6,2
3296,91,13
3297,102,31
3298,7,1
3299,9,0
3300,43,4
3301,40,12
3302,45,13
3303,114,49
3304,56,6
3305,48,10
3306,83,14
3307,32,21
3308,76,16
3309,108,16
3310,105,23
3311,47,26
3312,47,22
3313,11,0
3314,105,12
3315,110,49
3316,6,1
3317,45,16
3318,57,19
3319,88,19
3320,5,2
3321,8,2
3322,46,13
3323,41,2
3324,11,0
3325,2,0
3326,103,28
3327,4,0
3328,2,2
3329,111,43
3330,89,10
3331,45,17
3332,112,41
3333,45,13
3334,32,3
3335,4,1
3336,5,2
3337,44,10
3338,46,8
3339,114,29
3340,106,27
3341,4,1
3342,6,2
3343,53,24
3344,42,18
3345,41,12
3346,45,12
3347,6,0
3348,85,48
3349,53,10
3350,2,1
3351,48,18
3352,94,11
3353,37,9
3354,42,9
3355,7,2
3356,6,2
3357,5,0
3358,106,39
3359,124,24
3360,8,1
3361,101,26
3362,4,1
3363,5,2
3364,2,1
3365,40,8
3366,4,1
3367,42,8
3368,34,2
3369,48,7
3370,4,0
3371,46,22
3372,32,5
3373,48,20
3374,45,11
3375,41,18
3376,51,18
3377,6,2
3378,39,5
3379,45,9
3380,4,1
3381,29,3
3382,52,11
3383,6,1
3384,5,2
3385,101,26
3386,44,10
3387,41,14
3388,1,0
3389,2,0
3390,52,19
3391,103,40
3392,95,18
3393,97,22
3394,103,7
3395,7,1
3396,49,12
3397,10,1
3398,38,11
3399,96,10
3400,40,12
3401,4,1
3402,5,2
3403,43,10
3404,5,0
3405,34,11
3406,40,9
3407,48,20
3408,107,7
3409,81,17
3410,95,19
3411,83,11
3412,40,5
3413,3,0
3414,3,1
3415,7,1
3416,42,5
3417,114,57
3418,42,10
3419,61,6
3420,42,12
3421,5,2
3422,7,2
3423,95,16
3424,38,5
3425,51,9
3426,5,2
3427,87,30
3428,94,25
3429,35,15
3430,85,9
3431,48,13
3432,40,9
3433,101,20
3434,42,19
3435,125,33
3436,85,15
3437,94,23
3438,5,0
3439,94,30
3440,46,19
3441,106,30
3442,4,0
3443,104,23
3444,6,0
3445,5,0
3446,47,9
3447,4,0
3448,54,21
3449,82,33
3450,110,20
3451,46,12
3452,5,1
3453,53,12
3454,90,7
3455,39,6
3456,33,20
3457,8,1
3458,7,1
3459,56,13
3460,6,3
3461,121,30
3462,42,13
3463,127,29
3464,40,21
3465,105,19
3466,4,1
3467,51,15
3468,96,39
3469,8,2
3470,43,8
3471,5,2
3472,48,20
3473,37,4
3474,96,7
3475,6,0
3476,43,6
3477,11,2
3478,6,3
3479,3,0
3480,8,4
3481,42,10
3482,98,7
3483,2,2
3484,11,6
3485,102,33
3486,51,8
3487,5,0
3488,3,0
3489,96,29
3490,4,1
3491,6,2
3492,7,0
3493,106,9
3494,99,36
3495,4,2
3496,4,1
3497,93,9
3498,109,34
3499,3,0
3500,3,1
3501,50,13
3502,50,3
3503,49,15
3504,49,17
3505,47,9
3506,8,1
3507,36,4
3508,1,0
3509,45,20
3510,82,17
3511,4,0
3512,85,47
3513,47,3
3514,47,14
3515,4,0
3516,96,41
3517,46,23
3518,33,6
3519,6,1
3520,38,13
3521,91,10
3522,40,11
3523,99,51
3524,33,13
3525,6,1
3526,43,11
3527,88,23
3528,7,1
3529,6,4
3530,61,6
3531,44,15
3532,103,29
3533,102,31
3534,4,2
3535,54,17
3536,109,23
3537,80,42
3538,114,46
3539,99,32
3540,49,24
3541,45,17
3542,96,26
3543,7,1
3544,6,1
3545,100,11
3546,4,2
3547,42,11
3548,2,0
3549,4,0
3550,5,0
3551,107,35
3552,6,3
3553,37,12
3554,46,12
3555,117,16
3556,38,4
3557,46,22
3558,40,11
3559,41,17
3560,99,13
3561,43,10
3562,2,0
3563,5,0
3564,50,7
3565,9,0
3566,102,34
3567,55,14
3568,41,3
3569,38,9
3570,94,26
3571,6,2
3572,4,0
3573,6,3
3574,3,2
3575,4,3
3576,93,21
3577,103,29
3578,53,36
3579,33,6
3580,100,46
3581,6,1
3582,8,1
3583,2,0
3584,84,19
3585,94,18
3586,109,11
3587,104,20
3588,7,2
3589,39,16
3590,7,1
3591,5,2
3592,46,14
3593,92,21
3594,51,13
3595,6,3
3596,2,1
3597,7,0
3598,103,45
3599,94,28
3600,9,0
3601,49,20
3602,5,1
3603,5,0
3604,42,18
3605,4,1
3606,3,2
3607,3,0
3608,40,3
3609,103,18
3610,102,32
3611,96,38
3612,10,3
3613,4,1
3614,95,21
3615,38,3
3616,3,1
3617,37,18
3618,102,4
3619,7,0
3620,54,6
3621,104,43
3622,48,11
3623,38,13
3624,4,2
3625,92,14
3626,111,19
3627,103,13
3628,84,19
3629,110,13
3630,117,9
3631,99,23
3632,1,0
3633,107,20
3634,43,17
3635,94,17
3636,6,1
3637,101,16
3638,3,0
3639,94,53
3640,96,7
3641,8,3
3642,51,18
3643,47,18
3644,37,12
3645,92,39
3646,6,2
3647,5,2
3648,9,2
3649,48,11
3650,43,11
3651,56,10
3652,86,49
3653,42,9
3654,4,0
3655,4,2
3656,39,13
3657,110,33
3658,51,13
3659,4,2
3660,105,11
3661,4,1
3662,11,5
3663,45,2
3664,7,2
3665,42,16
3666,9,3
3667,5,0
3668,45,24
3669,43,7
3670,3,0
3671,88,23
3672,4,0
3673,47,18
3674,5,0
3675,116,8
3676,4,1
3677,47,9
3678,6,0
3679,12,2
3680,5,2
3681,95,34
3682,34,9
3683,87,12
3684,4,1
3685,79,45
3686,40,12
3687,34,1
3688,121,21
3689,40,10
3690,50,13
3691,1,0
3692,5,4
3693,56,18
3694,7,2
3695,9,1
3696,107,17
3697,106,59
3698,5,1
3699,108,34
3700,47,8
3701,56,7
3702,80,26
3703,2,0
3704,47,11
3705,42,13
3706,88,18
3707,48,7
3708,36,3
3709,31,8
3710,118,20
3711,113,47
3712,3,0
3713,100,15
3714,99,30
3715,92,20
3716,106,28
3717,4,0
3718,7,0
3719,5,3
3720,110,44
3721,6,4
3722,93,15
3723,4,2
3724,39,6
3725,36,5
3726,9,4
3727,34,8
3728,43,10
3729,53,12
3730,46,25
3731,97,38
3732,100,15
3733,2,0
3734,3,2
3735,4,3
3736,49,16
3737,39,18
3738,44,14
3739,5,0
3740,81,12
3741,6,2
3742,45,9
3743,2,1
3744,5,3
3745,4,2
3746,91,53
3747,113,23
3748,43,21
3749,112,27
3750,3,0
3751,51,18
3752,7,0
3753,94,31
3754,2,0
3755,4,0
3756,4,1
3757,6,1
3758,92,21
3759,115,35
3760,3,0
3761,6,1
3762,55,24
3763,112,10
3764,42,6
3765,41,4
3766,114,19
3767,1,1
3768,44,3
3769,5,1
3770,7,4
3771,107,28
3772,47,1
3773,48,24
3774,126,44
3775,3,0
3776,53,6
3777,96,22
3778,5,0
3779,92,18
3780,54,13
3781,91,28
3782,54,11
3783,6,3
3784,97,24
3785,4,1
3786,7,4
3787,1,0
3788,83,31
3789,90,30
3790,116,27
3791,83,8
3792,3,3
3793,6,0
3794,43,12
3795,43,7
3796,115,22
3797,7,1
3798,93,42
3799,43,16
3800,48,16
3801,50,29
3802,50,5
3803,5,1
3804,8,4
3805,10,3
3806,104,32
3807,1,1
3808,7,4
3809,36,7
3810,106,42
3811,90,34
3812,94,34
3813,6,3
3814,4,2
3815,39,8
3816,96,20
3817,13,3
3818,48,21
3819,123,61
3820,5,3
3821,5,4
3822,93,17
3823,5,2
3824,39,15
3825,2,0
3826,3,1
3827,98,12
3828,100,24
3829,121,17
3830,87,15
3831,4,1
3832,105,20
3833,39,8
3834,6,0
3835,42,15
3836,86,8
3837,124,29
3838,107,53
3839,40,10
3840,103,27
3841,6,1
3842,7,3
3843,44,2
3844,107,36
3845,55,17
3846,4,2
3847,5,1
3848,1,0
3849,42,8
3850,98,15
3851,5,1
3852,103,27
3853,48,6
3854,37,14
3855,45,17
3856,91,33
3857,8,6
3858,104,25
3859,43,2
3860,47,14
3861,97,33
3862,2,1
3863,106,25
3864,8,4
3865,83,43
3866,45,14
3867,90,27
3868,115,48
3869,104,28
3870,9,0
3871,102,32
3872,55,14
3873,73,23
3874,1,0
3875,123,40
3876,47,19
3877,34,9
3878,97,32
3879,76,25
3880,82,20
3881,44,11
3882,77,16
3883,43,14
3884,51,15
3885,44,3
3886,46,8
3887,44,13
3888,36,7
3889,88,35
3890,40,10
3891,5,0
3892,42,5
3893,44,7
3894,109,46
3895,109,9
3896,94,12
3897,9,2
3898,3,0
3899,36,5
3900,90,11
3901,6,1
3902,98,20
3903,52,29
3904,5,1
3905,35,7
3906,47,6
3907,109,5
3908,97,10
3909,89,23
3910,38,14
3911,6,1
3912,45,11
3913,47,4
3914,34,17
3915,85,24
3916,47,16
3917,42,11
3918,5,1
3919,110,20
3920,106,11
3921,3,0
3922,105,39
3923,4,0
3924,2,1
3925,51,18
3926,47,1
3927,4,2
3928,4,1
3929,4,0
3930,3,0
3931,90,35
3932,51,11
3933,42,7
3934,89,25
3935,117,40
3936,91,25
3937,44,2
3938,8,3
3939,37,6
3940,4,0
3941,5,1
3942,44,12
3943,6,2
3944,107,21
3945,39,6
3946,93,17
3947,96,28
3948,106,10
3949,99,39
3950,47,12
3951,94,14
3952,89,17
3953,92,20
3954,44,23
3955,4,1
3956,114,22
3957,5,0
3958,132,21
3959,79,25
3960,105,19
3961,41,12
3962,102,33
3963,54,13
3964,41,1
3965,52,8
3966,5,3
3967,12,4
3968,91,33
3969,9,0
3970,1,1
3971,84,20
3972,4,0
3973,106,13
3974,49,6
3975,8,1
3976,27,5
3977,49,9
3978,3,1
3979,91,38
3980,98,34
3981,105,13
3982,30,11
3983,44,15
3984,91,23
3985,2,1
3986,48,12
3987,115,45
3988,39,17
3989,101,16
3990,5,0
3991,111,28
3992,3,0
3993,6,1
3994,3,1
3995,49,6
3996,97,32
3997,106,12
3998,115,43
3999,94,31
4000,101,46
4001,98,22
4002,105,40
4003,88,11
4004,48,9
4005,51,7
4006,32,14
4007,85,19
4008,8,6
4009,39,7
4010,96,30
4011,39,6
4012,37,2
4013,32,12
4014,50,10
4015,92,25
4016,43,7
4017,53,17
4018,44,6
4019,104,22
4020,8,3
4021,50,10
4022,2,1
4023,43,17
4024,86,24
4025,7,2
4026,100,18
4027,93,27
4028,4,1
4029,41,10
4030,4,2
4031,42,5
4032,114,32
4033,94,19
4034,39,5
4035,49,20
4036,40,11
4037,92,17
4038,102,21
4039,86,16
4040,48,4
4041,41,9
4042,101,13
4043,47,11
4044,3,1
4045,42,17
4046,7,3
4047,4,2
4048,10,5
4049,102,27
4050,6,2
4051,85,29
4052,7,2
4053,54,18
4054,4,0
4055,2,1
4056,5,3
4057,51,16
4058,36,6
4059,48,11
4060,3,0
4061,103,11
4062,7,1
4063,98,34
4064,34,4
4065,4,3
4066,110,42
4067,3,2
4068,1,0
4069,89,12
4070,2,1
4071,37,7
4072,42,8
4073,40,4
4074,104,32
4075,4,3
4076,113,31
4077,33,12
4078,111,24
4079,105,25
4080,42,6
4081,3,0
4082,49,12
4083,61,4
4084,37,4
4085,6,1
4086,46,16
4087,106,27
4088,3,1
4089,3,1
4090,6,0
4091,36,4
4092,8,2
4093,92,14
4094,96,9
4095,97,24
4096,41,20
4097,87,6
4098,2,0
4099,5,1
4100,87,41
4101,4,0
4102,101,12
4103,35,12
4104,47,14
4105,90,34
4106,5,1
4107,108,23
4108,7,1
4109,53,9
4110,97,39
4111,3,0
4112,99,29
4113,93,7
4114,52,14
4115,39,3
4116,8,2
4117,43,16
4118,4,0
4119,3,1
4120,3,0
4121,9,0
4122,36,2
4123,45,11
4124,36,10
4125,94,23
4126,103,27
4127,52,27
4128,6,4
4129,47,12
4130,5,1
4131,4,0
4132,2,0
4133,7,2
4134,97,10
4135,104,3
4136,5,2
4137,3,0
4138,47,14
4139,44,8
4140,50,17
4141,100,14
4142,3,0
4143,43,2
4144,5,1
4145,38,10
4146,98,16
4147,6,3
4148,2,1
4149,109,19
4150,38,11
4151,2,1
4152,3,2
4153,6,2
4154,47,6
4155,110,30
4156,48,8
4157,5,2
4158,94,26
4159,2,0
4160,9,3
4161,48,17
4162,93,23
4163,5,1
4164,99,25
4165,6,0
4166,4,1
4167,105,18
4168,9,1
4169,53,6
4170,51,17
4171,5,3
4172,107,32
4173,35,13
4174,6,1
4175,96,12
4176,40,6
4177,93,26
4178,5,2
4179,4,0
4180,3,1
4181,22,7
4182,38,21
4183,2,0
4184,6,3
4185,100,29
4186,5,2
4187,4,3
4188,36,13
4189,5,1
4190,4,0
4191,3,1
4192,3,1
4193,54,15
4194,5,1
4195,43,3
4196,2,1
4197,32,7
4198,3,1
4199,6,1
4200,47,12
4201,102,22
4202,107,20
4203,35,19
4204,49,5
4205,53,7
4206,46,8
4207,92,41
4208,124,10
4209,109,33
4210,90,20
4211,6,0
4212,103,33
4213,99,19
4214,4,1
4215,39,10
4216,39,9
4217,4,1
4218,104,15
4219,36,10
4220,4,2
4221,87,8
4222,7,0
4223,119,6
4224,7,1
4225,50,20
4226,47,13
4227,105,38
4228,54,11
4229,96,21
4230,7,4
4231,3,1
4232,8,2
4233,8,0
4234,103,51
4235,2,1
4236,5,3
4237,3,0
4238,36,12
4239,53,21
4240,4,1
4241,7,3
4242,35,16
4243,48,5
4244,94,37
4245,103,39
4246,50,21
4247,4,1
4248,99,20
4249,103,13
4250,45,20
4251,2,1
4252,45,26
4253,6,1
4254,110,10
4255,96,33
4256,108,24
4257,116,59
4258,104,11
4259,118,27
4260,44,6
4261,8,5
4262,4,2
4263,5,2
4264,4,0
4265,5,2
4266,99,16
4267,51,13
4268,46,19
4269,5,1
4270,6,1
4271,106,17
4272,99,19
4273,99,12
4274,98,47
4275,39,12
4276,114,21
4277,47,7
4278,3,0
4279,95,16
4280,8,0
4281,107,32
4282,99,10
4283,8,2
4284,49,5
4285,8,0
4286,103,30
4287,111,27
4288,123,34
4289,98,26
4290,4,0
4291,42,10
4292,42,6
4293,93,45
4294,46,6
4295,5,2
4296,4,2
4297,125,41
4298,40,10
4299,4,0
4300,5,1
4301,5,2
4302,53,18
4303,100,56
4304,48,4
4305,45,10
4306,3,0
4307,50,21
4308,44,10
4309,47,9
4310,40,14
4311,103,16
4312,39,5
4313,92,35
4314,88,5
4315,4,2
4316,6,0
4317,102,29
4318,7,1
4319,38,14
4320,37,8
4321,107,50
4322,4,1
4323,7,1
4324,53,12
4325,52,10
4326,59,12
4327,4,1
4328,5,2
4329,56,14
4330,89,9
4331,7,1
4332,3,0
4333,42,16
4334,83,16
4335,2,0
4336,38,13
4337,43,17
4338,10,2
4339,39,4
4340,45,13
4341,86,23
4342,90,12
4343,100,19
4344,4,2
4345,48,14
4346,85,36
4347,36,12
4348,9,3
4349,36,2
4350,3,2
4351,5,1
4352,51,12
4353,99,26
4354,107,66
4355,43,6
4356,6,2
4357,6,4
4358,96,41
4359,46,11
4360,8,2
4361,50,18
4362,4,0
4363,88,17
4364,5,0
4365,49,15
4366,38,17
4367,97,21
4368,109,34
4369,98,57
4370,3,1
4371,7,2
4372,7,2
4373,39,23
4374,4,0
4375,116,29
4376,49,16
4377,99,26
4378,40,17
4379,86,19
4380,3,1
4381,1,0
4382,5,1
4383,42,13
4384,103,17
4385,5,0
4386,6,2
4387,107,11
4388,37,9
4389,4,1
4390,5,2
4391,3,1
4392,100,30
4393,41,15
4394,2,1
4395,107,34
4396,91,20
4397,94,24
4398,119,51
4399,108,17
4400,6,1
4401,43,7
4402,2,1
4403,32,3
4404,3,1
4405,53,13
4406,5,1
4407,38,5
4408,117,35
4409,29,8
4410,121,20
4411,48,19
4412,89,28
4413,96,20
4414,40,16
4415,47,19
4416,52,10
4417,46,12
4418,34,8
4419,6,2
4420,115,29
4421,97,34
4422,95,11
4423,89,26
4424,34,8
4425,3,1
4426,7,1
4427,3,0
4428,100,14
4429,38,13
4430,5,1
4431,5,0
4432,106,27
4433,102,29
4434,56,12
4435,50,15
4436,57,8
4437,6,0
4438,48,8
4439,98,41
4440,95,15
4441,35,7
4442,90,53
4443,46,5
4444,43,8
4445,5,1
4446,97,22
4447,53,15
4448,43,11
4449,6,2
4450,7,1
4451,79,27
4452,104,28
4453,97,40
4454,97,24
4455,35,15
4456,5,2
4457,45,12
4458,99,22
4459,1,0
4460,103,23
4461,54,30
4462,5,0
4463,3,0
4464,5,1
4465,6,2
4466,34,12
4467,45,8
4468,84,34
4469,115,44
4470,3,0
4471,6,1
4472,107,43
4473,81,33
4474,50,10
4475,4,1
4476,56,20
4477,35,8
4478,7,5
4479,9,4
4480,1,0
4481,2,0
4482,100,36
4483,47,15
4484,57,25
4485,80,15
4486,3,0
4487,6,2
4488,7,1
4489,42,22
4490,109,32
4491,13,0
4492,4,1
4493,117,34
4494,4,2
4495,99,44
4496,51,11
4497,45,3
4498,103,23
4499,95,7
4500,44,13
4501,5,2
4502,55,15
4503,2,0
4504,6,2
4505,93,7
4506,2,0
4507,5,3
4508,10,2
4509,4,0
4510,4,0
4511,7,3
4512,97,1
4513,44,2
4514,46,23
4515,91,7
4516,101,33
4517,6,1
4518,112,34
4519,42,16
4520,101,24
4521,48,9
4522,4,1
4523,50,9
4524,35,11
4525,6,5
4526,5,1
4527,6,3
4528,86,16
4529,106,36
4530,99,25
4531,107,34
4532,58,9
4533,104,56
4534,8,2
4535,36,9
4536,98,13
4537,108,21
4538,5,1
4539,7,2
4540,49,15
4541,6,2
4542,40,9
4543,3,0
4544,80,18
4545,35,4
4546,48,8
4547,51,13
4548,105,28
4549,1,0
4550,40,3
4551,110,38
4552,44,10
4553,3,0
4554,4,1
4555,37,16
4556,10,3
4557,119,60
4558,99,27
4559,88,16
4560,109,43
4561,2,1
4562,38,18
4563,48,12
4564,6,2
4565,53,1
4566,48,17
4567,3,1
4568,4,1
4569,4,1
4570,86,21
4571,41,13
4572,8,2
4573,41,15
4574,6,3
4575,89,20
4576,9,3
4577,111,41
4578,41,14
4579,78,9
4580,60,10
4581,95,41
4582,7,1
4583,51,11
4584,40,5
4585,96,41
4586,98,26
4587,50,8
4588,43,16
4589,6,4
4590,59,16
4591,101,25
4592,100,29
4593,85,19
4594,41,5
4595,50,6
4596,7,1
4597,6,1
4598,6,2
4599,88,26
4600,102,8
4601,108,22
4602,47,20
4603,91,21
4604,91,32
4605,38,14
4606,109,36
4607,102,24
4608,79,17
4609,101,22
4610,113,21
4611,11,5
4612,5,3
4613,107,26
4614,50,14
4615,42,9
4616,86,15
4617,9,2
4618,38,17
4619,82,19
4620,114,35
4621,6,2
4622,40,20
4623,114,39
4624,5,3
4625,51,17
4626,35,11
4627,44,11
4628,98,25
4629,103,23
4630,6,4
4631,44,15
4632,112,56
4633,82,28
4634,4,0
4635,38,9
4636,106,36
4637,5,3
4638,97,34
4639,40,6
4640,37,13
4641,6,1
4642,111,44
4643,36,10
4644,4,2
4645,112,38
4646,89,26
4647,97,36
4648,6,2
4649,3,1
4650,97,28
4651,93,35
4652,58,25
4653,89,24
4654,41,9
4655,102,16
4656,3,0
4657,52,10
4658,11,1
4659,37,0
4660,7,1
4661,95,4
4662,82,31
4663,9,1
4664,43,7
4665,42,13
4666,5,3
4667,50,13
4668,100,27
4669,37,3
4670,43,22
4671,108,28
4672,7,0
4673,38,10
4674,78,3
4675,104,32
4676,39,13
4677,39,3
4678,40,6
4679,99,18
4680,6,1
4681,2,1
4682,94,37
4683,95,48
4684,57,13
4685,105,34
4686,31,6
4687,44,6
4688,94,17
4689,9,1
4690,104,21
4691,49,10
4692,47,3
4693,102,37
4694,40,13
4695,93,25
4696,8,1
4697,53,17
4698,6,2
4699,35,4
4700,5,2
4701,114,56
4702,5,4
4703,2,1
4704,4,0
4705,101,29
4706,37,3
4707,4,3
4708,99,15
4709,45,16
4710,108,56
4711,96,38
4712,43,12
4713,39,12
4714,6,2
4715,101,19
4716,44,5
4717,44,9
4718,96,35
4719,88,31
4720,96,12
4721,114,15
4722,87,7
4723,101,27
4724,100,12
4725,36,14
4726,3,0
4727,117,40
4728,49,11
4729,41,9
4730,7,1
4731,7,2
4732,6,3
4733,45,16
4734,98,24
4735,101,17
4736,42,14
4737,111,36
4738,48,17
4739,37,13
4740,100,17
4741,85,14
4742,8,0
4743,43,11
4744,45,24
4745,9,2
4746,4,2
4747,46,15
4748,57,10
4749,101,23
4750,105,33
4751,53,3
4752,1,0
4753,49,8
4754,52,13
4755,89,14
4756,123,34
4757,94,17
4758,37,9
4759,39,10
4760,38,8
4761,92,32
4762,4,0
4763,96,28
4764,8,4
4765,113,18
4766,5,0
4767,103,21
4768,43,15
4769,106,24
4770,47,29
4771,97,9
4772,59,17
4773,40,14
4774,6,1
4775,10,3
4776,12,1
4777,39,11
4778,4,0
4779,46,7
4780,3,1
4781,88,26
4782,83,19
4783,48,17
4784,55,6
4785,1,1
4786,48,14
4787,114,23
4788,5,2
4789,1,1
4790,88,26
4791,48,15
4792,93,34
4793,94,12
4794,7,1
4795,104,16
4796,5,0
4797,1,0
4798,45,8
4799,54,13
4800,111,25
4801,110,26
4802,9,5
4803,44,24
4804,50,11
4805,46,13
4806,88,37
4807,95,17
4808,44,13
4809,106,31
4810,110,17
4811,4,1
4812,3,1
4813,39,13
4814,109,11
4815,95,25
4816,58,7
4817,45,8
4818,5,0
4819,48,8
4820,50,12
4821,45,7
4822,3,1
4823,40,16
4824,3,1
4825,96,17
4826,5,1
4827,8,4
4828,104,39
4829,78,20
4830,39,2
4831,95,22
4832,3,2
4833,109,33
4834,106,45
4835,8,2
4836,55,11
4837,46,14
4838,103,26
4839,2,0
4840,85,21
4841,91,43
4842,89,7
4843,6,2
4844,101,31
4845,52,18
4846,48,13
4847,93,25
4848,5,1
4849,120,13
4850,50,5
4851,4,1
4852,4,1
4853,7,3
4854,4,2
4855,43,20
4856,7,2
4857,5,3
4858,84,29
4859,34,10
4860,14,4
4861,3,0
4862,5,3
4863,54,4
4864,3,2
4865,97,18
4866,7,0
4867,6,3
4868,43,9
4869,99,37
4870,4,2
4871,46,15
4872,47,8
4873,2,0
4874,2,1
4875,8,3
4876,42,8
4877,3,1
4878,111,25
4879,105,13
4880,44,18
4881,49,23
4882,4,0
4883,96,12
4884,3,0
4885,5,1
4886,5,3
4887,100,30
4888,27,8
4889,40,19
4890,29,5
4891,6,3
4892,47,23
4893,101,32
4894,3,1
4895,41,9
4896,9,2
4897,102,20
4898,86,24
4899,49,7
4900,3,0
4901,54,15
4902,122,45
4903,101,14
4904,105,45
4905,2,0
4906,51,11
4907,4,1
4908,40,4
4909,51,15
4910,100,27
4911,2,2
4912,2,1
4913,4,3
4914,6,2
4915,1,0
4916,10,4
4917,58,23
4918,4,2
4919,94,14
4920,53,7
4921,43,7
4922,42,5
4923,3,1
4924,48,16
4925,50,27
4926,98,47
4927,34,12
4928,106,23
4929,40,8
4930,96,14
4931,3,1
4932,91,23
4933,54,10
4934,2,0
4935,98,35
4936,40,13
4937,54,22
4938,6,2
4939,89,31
4940,106,26
4941,53,19
4942,2,2
4943,7,1
4944,2,0
4945,6,0
4946,1,1
4947,105,20
4948,5,1
4949,105,17
4950,98,16
4951,92,28
4952,99,22
4953,6,0
4954,48,13
4955,2,1
4956,116,56
4957,1,0
4958,2,1
4959,50,25
4960,45,6
4961,90,23
4962,35,4
4963,6,0
4964,104,10
4965,52,11
4966,5,1
4967,82,30
4968,102,11
4969,86,29
4970,35,13
4971,54,9
4972,4,1
4973,2,0
4974,6,2
4975,51,9
4976,107,13
4977,94,38
4978,46,11
4979,101,28
4980,36,9
4981,5,2
4982,3,1
4983,6,3
4984,101,17
4985,95,5
4986,8,1
4987,44,7
